Community Name,Community Number,Point Count
NEAR WEST SIDE,28.0,3066877
AUSTIN,25.0,1509172
LINCOLN PARK,7.0,2438636
LAKE VIEW,6.0,3545508
NEW CITY,61.0,698767
LOOP,32.0,3167233
NEAR NORTH SIDE,8.0,4753285
OHARE,76.0,546542
ROGERS PARK,1.0,1163662
HYDE PARK,41.0,874758
WEST GARFIELD PARK,26.0,439823
NULL,NULL,3379388
LOWER WEST SIDE,31.0,903838
EAST GARFIELD PARK,27.0,289374
ALBANY PARK,14.0,991964
UPTOWN,3.0,1290509
SOUTH LAWNDALE,30.0,1581488
WEST TOWN,24.0,2328667
LOGAN SQUARE,22.0,1624679
NORTH LAWNDALE,29.0,599181
GREATER GRAND CROSSING,69.0,557809
SOUTH SHORE,43.0,846694
BELMONT CRAGIN,19.0,929148
WEST RIDGE,2.0,1071965
GARFIELD RIDGE,56.0,411403
NEAR SOUTH SIDE,33.0,627648
AUBURN GRESHAM,71.0,527887
CHICAGO LAWN,66.0,753272
ARMOUR SQUARE,34.0,319219
SOUTH CHICAGO,46.0,350100
ARCHER HEIGHTS,57.0,178954
BRIGHTON PARK,58.0,630206
IRVING PARK,16.0,753235
CHATHAM,44.0,472777
ASHBURN,70.0,155538
ENGLEWOOD,68.0,466256
MORGAN PARK,75.0,168524
WOODLAWN,42.0,336499
WEST ENGLEWOOD,67.0,534280
WASHINGTON PARK,40.0,209038
NORTH CENTER,5.0,489789
BEVERLY,72.0,120613
NORWOOD PARK,10.0,110530
PORTAGE PARK,15.0,712269
LINCOLN SQUARE,4.0,842592
EDGEWATER,77.0,1069533
JEFFERSON PARK,11.0,164548
AVONDALE,21.0,720068
MCKINLEY PARK,59.0,161629
BRIDGEPORT,60.0,335070
GRAND BOULEVARD,38.0,364026
HUMBOLDT PARK,23.0,884097
KENWOOD,39.0,227913
AVALON PARK,45.0,100401
HERMOSA,20.0,372265
DOUGLAS,35.0,289112
WEST LAWN,65.0,215068
WASHINGTON HEIGHTS,73.0,255398
FOREST GLEN,12.0,61814
ROSELAND,49.0,389334
OAKLAND,36.0,49364
NORTH PARK,13.0,168567
DUNNING,17.0,218985
WEST PULLMAN,53.0,165196
SOUTH DEERING,51.0,97956
CALUMET HEIGHTS,48.0,144024
GAGE PARK,63.0,463539
HEGEWISCH,55.0,45620
MOUNT GREENWOOD,74.0,38664
CLEARING,64.0,125406
EAST SIDE,52.0,116078
MONTCLARE,18.0,28869
FULLER PARK,37.0,35844
WEST ELSDON,62.0,141290
PULLMAN,50.0,51982
RIVERDALE,54.0,4521
EDISON PARK,9.0,40339
BURNSIDE,47.0,23951
