Community Name,Community Number,Point Count
WEST RIDGE,2.0,1407
NEAR SOUTH SIDE,33.0,254
SOUTH SHORE,43.0,526
LOOP,32.0,17287
KENWOOD,39.0,303
OHARE,76.0,5524
LOWER WEST SIDE,31.0,591
ARCHER HEIGHTS,57.0,91
NEAR NORTH SIDE,8.0,14738
LAKE VIEW,6.0,6554
DUNNING,17.0,229
AUSTIN,25.0,1498
LINCOLN PARK,7.0,8258
WEST TOWN,24.0,2939
NEAR WEST SIDE,28.0,9366
NULL,NULL,4983
MCKINLEY PARK,59.0,53
SOUTH LAWNDALE,30.0,2300
ROGERS PARK,1.0,788
LOGAN SQUARE,22.0,892
ALBANY PARK,14.0,766
SOUTH DEERING,51.0,24
CHICAGO LAWN,66.0,441
GRAND BOULEVARD,38.0,276
GAGE PARK,63.0,88
PORTAGE PARK,15.0,322
EDGEWATER,77.0,276
IRVING PARK,16.0,459
BRIGHTON PARK,58.0,270
JEFFERSON PARK,11.0,50
WEST GARFIELD PARK,26.0,2381
GREATER GRAND CROSSING,69.0,546
LINCOLN SQUARE,4.0,841
UPTOWN,3.0,764
BELMONT CRAGIN,19.0,334
ENGLEWOOD,68.0,277
NORTH CENTER,5.0,245
HYDE PARK,41.0,1816
ARMOUR SQUARE,34.0,1029
NEW CITY,61.0,476
EAST GARFIELD PARK,27.0,222
DOUGLAS,35.0,136
WEST LAWN,65.0,138
WOODLAWN,42.0,280
GARFIELD RIDGE,56.0,1639
NORWOOD PARK,10.0,33
BRIDGEPORT,60.0,205
SOUTH CHICAGO,46.0,398
NORTH PARK,13.0,36
ASHBURN,70.0,108
HUMBOLDT PARK,23.0,367
ROSELAND,49.0,127
CHATHAM,44.0,221
AUBURN GRESHAM,71.0,427
WEST ENGLEWOOD,67.0,263
WEST PULLMAN,53.0,82
CALUMET HEIGHTS,48.0,91
WASHINGTON HEIGHTS,73.0,111
NORTH LAWNDALE,29.0,437
WEST ELSDON,62.0,28
WASHINGTON PARK,40.0,108
HERMOSA,20.0,228
AVONDALE,21.0,208
CLEARING,64.0,41
MORGAN PARK,75.0,102
MONTCLARE,18.0,5
BEVERLY,72.0,58
AVALON PARK,45.0,46
EAST SIDE,52.0,60
HEGEWISCH,55.0,11
MOUNT GREENWOOD,74.0,24
RIVERDALE,54.0,8
FULLER PARK,37.0,12
PULLMAN,50.0,11
OAKLAND,36.0,14
FOREST GLEN,12.0,21
EDISON PARK,9.0,4
BURNSIDE,47.0,9
