<PAMDataset>
  <SRS dataAxisToSRSAxisMapping="1,2">PROJCS["NAD83 / Illinois East (ftUS)",GEOGCS["NAD83",DATUM["North_American_Datum_1983",SPHEROID["GRS 1980",6378137,298.257222101,AUTHORITY["EPSG","7019"]],AUTHORITY["EPSG","6269"]],PRIMEM["Greenwich",0,AUTHORITY["EPSG","8901"]],UNIT["degree",0.0174532925199433,AUTHORITY["EPSG","9122"]],AUTHORITY["EPSG","4269"]],PROJECTION["Transverse_Mercator"],PARAMETER["latitude_of_origin",36.6666666666667],PARAMETER["central_meridian",-88.3333333333333],PARAMETER["scale_factor",0.999975],PARAMETER["false_easting",984250],PARAMETER["false_northing",0],UNIT["US survey foot",0.304800609601219,AUTHORITY["EPSG","9003"]],AXIS["Easting",EAST],AXIS["Northing",NORTH],AUTHORITY["EPSG","3435"]]</SRS>
  <GeoTransform>  1.1155044191734325e+06,  6.6351060000000039e+00,  0.0000000000000000e+00,  1.9520866300453593e+06,  0.0000000000000000e+00, -6.6351059999999977e+00</GeoTransform>
  <Metadata>
    <MDI key="AREA_OR_POINT">Area</MDI>
  </Metadata>
  <PAMRasterBand band="1">
    <NoDataValue>-9.99990000000000E+04</NoDataValue>
    <Metadata>
      <MDI key="STATISTICS_APPROXIMATE">YES</MDI>
      <MDI key="STATISTICS_MINIMUM">0</MDI>
      <MDI key="STATISTICS_MAXIMUM">9</MDI>
      <MDI key="STATISTICS_MEAN">0.22487956706707</MDI>
      <MDI key="STATISTICS_STDDEV">0.7234354422761</MDI>
      <MDI key="STATISTICS_VALID_PERCENT">100</MDI>
    </Metadata>
  </PAMRasterBand>
</PAMDataset>
